day,product,ticks,mid_mean,mid_med,mid_std,mid_min,mid_max,mid_range,sp_mean,sp_med,sp_p99,ret_mean,ret_std,ret_p1,ret_p99,rv,ac1,ac2,ac5,ac10,bv_mean,av_mean,imb_mean,trades,trade_qty_med,trade_qty_max,trade_vol
-1,ASH_COATED_OSMIUM,9237,10000.828136840966,10001.0,3.8577740213788085,9986.5,10014.5,28.0,16.223990473097327,16.0,21.0,0.0011909917713295798,1.8946937283593825,-5.5,5.5,182.08789086592222,-0.4885849937438181,0.019133095045503548,-0.0340096334875356,0.0139262692576916,31.454476561654218,31.392443434015373,0.0010327576699523376,459,5.0,10,2348
-1,INTARIAN_PEPPER_ROOT,9246,11501.158609128272,11502.0,288.25506790254815,10998.0,12001.5,1003.5,13.066731559593338,13.0,18.0,0.1079502433747972,1.745929846343132,-5.5,5.5,168.19334112859522,-0.49224753047573794,-0.004143991076729636,-0.022649084303860152,-0.01585380062642587,25.151849448410122,25.047804455980966,0.0033121014316213324,331,5.0,8,1669
0,ASH_COATED_OSMIUM,9257,10001.578589175759,10002.0,5.218273130052587,9982.0,10019.5,37.5,16.249540887976668,16.0,21.0,0.00054019014693172,1.8630307188221522,-5.5,5.5,179.23866770314936,-0.46865144356187655,-0.018874869885195298,0.014980098025251314,0.00666040552156005,31.301717619099062,31.519066652263152,-0.00364884095130309,471,5.0,10,2404
0,INTARIAN_PEPPER_ROOT,9230,12501.42908992416,12501.75,288.448408713998,11997.5,13000.5,1003.0,14.121018418201517,14.0,20.0,0.10851663235453463,1.8747794493812868,-5.5,6.0,180.40717834942157,-0.4956330225884192,-0.0062616907927593455,0.0031907524797137317,0.013197479305822662,25.11462621885157,25.09404117009751,0.0010132571157111748,332,5.0,8,1671
1,ASH_COATED_OSMIUM,9214,10000.150260473192,10000.0,4.477783403939556,9985.0,10014.0,29.0,16.228890818319947,16.0,21.0,-0.0016281341582546401,1.8871469830955814,-5.5,5.5,181.1366887187684,-0.48806104538738454,0.004564263013049009,-0.02272681153391648,-0.006629227121116003,31.57130453657478,31.61829824180595,-0.0008779154009348923,465,5.0,10,2375
1,INTARIAN_PEPPER_ROOT,9248,13500.109266868512,13499.5,289.1473087897324,12997.0,14001.0,1004.0,15.177011245674741,15.0,21.0,0.10808910998161565,2.0301532228393966,-6.0,6.0,195.49872122343922,-0.4958144835906092,-0.0010536126048714697,-0.004268541744453963,-0.005900944292149117,25.22945501730104,25.2096669550173,0.0008068223872397289,333,5.0,8,1693
